{
  "corridor_freq_map": {
    "Non-corridor": 0.3846812675884008,
    "Mysore Road": 0.09090909090909091,
    "Bellary Road 1": 0.0746359965740854,
    "Tumkur Road": 0.05603817447693625,
    "Bellary Road 2": 0.046372201150128474,
    "Hosur Road": 0.03646151963783188,
    "ORR North 1": 0.033647375504710635,
    "Old Madras Road": 0.03217912639177781,
    "Magadi Road": 0.029976752722378562,
    "ORR East 1": 0.02985439862963416,
    "ORR North 2": 0.02875321179493454,
    "Bannerghata Road": 0.02557200538358008,
    "ORR East 2": 0.02288021534320323,
    "West of Chord Road": 0.021289612137526,
    "ORR West 1": 0.020555487581059587,
    "CBD 2": 0.01272482564541784,
    "Hennur Main Road": 0.011745992903462621,
    "IRR(Thanisandra road)": 0.011623638810718219,
    "Varthur Road": 0.009421265141318977,
    "Old Airport Road": 0.009298911048574575,
    "Airport New South Road": 0.008197724213874954,
    "CBD 1": 0.00318120641135446
  },
  "cause_freq_map": {
    "vehicle_breakdown": 0.5990456380765936,
    "others": 0.07806191117092867,
    "pot_holes": 0.06570414780374403,
    "construction": 0.058729964517313105,
    "water_logging": 0.05603817447693625,
    "accident": 0.04465924385170684,
    "tree_fall": 0.034748562339410254,
    "road_conditions": 0.02080019576654839,
    "congestion": 0.016640156613238713,
    "public_event": 0.010277743790529793,
    "procession": 0.008809494677596966,
    "vip_movement": 0.002447081854888046,
    "protest": 0.0018353113911660345,
    "debris": 0.00159060320567723,
    "test_demo": 0.0003670622782332069,
    "fog_low_visibility": 0.0002447081854888046
  },
  "corridor_cause_hist_median": {
    "Airport New South Road||accident": 68.80150233333333,
    "Airport New South Road||construction": 599.5901603666666,
    "Airport New South Road||others": 8.335643966666666,
    "Airport New South Road||road_conditions": 644.4429110250001,
    "Airport New South Road||tree_fall": 37.036522125,
    "Airport New South Road||vehicle_breakdown": 59.60447345833333,
    "Bannerghata Road||construction": 219.19485054166668,
    "Bannerghata Road||others": 73.96983123333334,
    "Bannerghata Road||pot_holes": 2891.248484083333,
    "Bannerghata Road||procession": 0.6228666666666667,
    "Bannerghata Road||road_conditions": 41.26528335,
    "Bannerghata Road||tree_fall": 30.045177533333334,
    "Bannerghata Road||vehicle_breakdown": 34.15102665,
    "Bannerghata Road||water_logging": 2491.278258008333,
    "Bellary Road 1||accident": 49.81185180833333,
    "Bellary Road 1||construction": 398.0934515083333,
    "Bellary Road 1||others": 87.60343176666667,
    "Bellary Road 1||pot_holes": 2369.1706742750002,
    "Bellary Road 1||road_conditions": 285.75430693333334,
    "Bellary Road 1||tree_fall": 1118.9358652,
    "Bellary Road 1||vehicle_breakdown": 36.67477173333334,
    "Bellary Road 1||water_logging": 166.96345176666668,
    "Bellary Road 2||accident": 35.3543105,
    "Bellary Road 2||construction": 97.39704219166667,
    "Bellary Road 2||others": 1369.8670542833331,
    "Bellary Road 2||procession": 120.61731666666667,
    "Bellary Road 2||public_event": 720.1395333333334,
    "Bellary Road 2||road_conditions": 58.722754933333334,
    "Bellary Road 2||vehicle_breakdown": 44.64505483333333,
    "Bellary Road 2||water_logging": 402.88345245,
    "CBD 1||pot_holes": 3098.6332529833335,
    "CBD 1||vehicle_breakdown": 44.654022250000004,
    "CBD 2||others": 113.29927107500001,
    "CBD 2||pot_holes": 1.5017334166666667,
    "CBD 2||road_conditions": 2455.774204008333,
    "CBD 2||tree_fall": 6519.827883249999,
    "CBD 2||vehicle_breakdown": 56.98676975833334,
    "CBD 2||water_logging": 1397.64799305,
    "Hennur Main Road||congestion": 102.70420786666666,
    "Hennur Main Road||construction": 2493.1146215916665,
    "Hennur Main Road||others": 4156.1516019,
    "Hennur Main Road||procession": 104.52003925000001,
    "Hennur Main Road||public_event": 5939.989983333333,
    "Hennur Main Road||road_conditions": 33.66901506666667,
    "Hennur Main Road||vehicle_breakdown": 50.382559799999996,
    "Hosur Road||accident": 74.62887731666666,
    "Hosur Road||others": 286.8181712166667,
    "Hosur Road||pot_holes": 1654.8833694166667,
    "Hosur Road||road_conditions": 31.40482066666667,
    "Hosur Road||tree_fall": 2822.0710304,
    "Hosur Road||vehicle_breakdown": 49.034618699999996,
    "Hosur Road||water_logging": 142.60774456666667,
    "IRR(Thanisandra road)||construction": 2197.847816666667,
    "IRR(Thanisandra road)||others": 65.08393731666666,
    "IRR(Thanisandra road)||pot_holes": 1.0094333333333334,
    "IRR(Thanisandra road)||road_conditions": 226.32391145000003,
    "IRR(Thanisandra road)||vehicle_breakdown": 41.87327523333333,
    "Magadi Road||construction": 3603.1197480666665,
    "Magadi Road||others": 85.17467503333333,
    "Magadi Road||pot_holes": 8267.722609033333,
    "Magadi Road||procession": 85.82538333333333,
    "Magadi Road||public_event": 239.7753,
    "Magadi Road||road_conditions": 7234.8082011999995,
    "Magadi Road||tree_fall": 50.70228268333333,
    "Magadi Road||vehicle_breakdown": 44.38574795,
    "Magadi Road||water_logging": 256.12679966666667,
    "Mysore Road||accident": 39.028780866666665,
    "Mysore Road||construction": 1.736875,
    "Mysore Road||others": 140.10122228333333,
    "Mysore Road||pot_holes": 3013.2265882,
    "Mysore Road||procession": 120.1866,
    "Mysore Road||protest": 30.6651656,
    "Mysore Road||public_event": 1.9966833333333334,
    "Mysore Road||road_conditions": 1747.0741494,
    "Mysore Road||tree_fall": 1495.5972556083334,
    "Mysore Road||vehicle_breakdown": 39.252889374999995,
    "Mysore Road||vip_movement": 11.090041666666668,
    "Mysore Road||water_logging": 214.58835468333334,
    "Non-corridor||accident": 44.709951566666675,
    "Non-corridor||congestion": 42.636129950000004,
    "Non-corridor||construction": 422.84670481666666,
    "Non-corridor||others": 87.71301201666667,
    "Non-corridor||pot_holes": 1241.1601620166666,
    "Non-corridor||procession": 38.40874121666666,
    "Non-corridor||protest": 2.677833333333333,
    "Non-corridor||public_event": 132.85357499999998,
    "Non-corridor||road_conditions": 1366.7261017666667,
    "Non-corridor||test_demo": 1.8238433749999996,
    "Non-corridor||tree_fall": 293.3450075,
    "Non-corridor||vehicle_breakdown": 44.57036183333333,
    "Non-corridor||water_logging": 512.3569855833333,
    "ORR East 1||accident": 35.56942338333333,
    "ORR East 1||construction": 2.081383333333333,
    "ORR East 1||others": 353.13206797500004,
    "ORR East 1||pot_holes": 1368.1352284250002,
    "ORR East 1||tree_fall": 77.93821268333333,
    "ORR East 1||vehicle_breakdown": 39.57367400833333,
    "ORR East 1||water_logging": 2880.9232620166667,
    "ORR East 2||construction": 726.7914333333333,
    "ORR East 2||others": 91.73039343333333,
    "ORR East 2||road_conditions": 13.786414966666667,
    "ORR East 2||vehicle_breakdown": 31.545336366666668,
    "ORR East 2||water_logging": 9348.299649083334,
    "ORR North 1||accident": 41.37271345,
    "ORR North 1||congestion": 72.70130863333334,
    "ORR North 1||construction": 362.94766498333337,
    "ORR North 1||others": 33.076749916666664,
    "ORR North 1||pot_holes": 1004.0863319666668,
    "ORR North 1||public_event": 0.19090000000000001,
    "ORR North 1||road_conditions": 1389.0003810666667,
    "ORR North 1||tree_fall": 141.561949025,
    "ORR North 1||vehicle_breakdown": 36.730649516666666,
    "ORR North 1||water_logging": 984.9738974833333,
    "ORR North 2||accident": 30.72441755,
    "ORR North 2||construction": 347.27049999999997,
    "ORR North 2||others": 100.61750903333333,
    "ORR North 2||road_conditions": 2434.732365266667,
    "ORR North 2||vehicle_breakdown": 41.89284255,
    "ORR North 2||water_logging": 1448.5230178833333,
    "ORR West 1||construction": 38.841736016666665,
    "ORR West 1||others": 36.40983923333333,